,exp_id,accuracy,earliness,hm
0,detector_milan_0.001,0.8456318179766337,0.06780701751510303,0.8866091767946879
1,detector_kyoto11_0.001,0.7829143007596334,0.16947788496812186,0.8059820532798767
